,Accuracy,Precision,Recall,F1 Score
RandomForest,0.9021526418786693,0.12121212121212122,0.16,0.13793103448275862
XGBoost,0.8992172211350293,0.1044776119402985,0.14,0.11965811965811966
LogisticRegression,0.7857142857142857,0.14937759336099585,0.72,0.24742268041237114
SVM,0.7759295499021527,0.14342629482071714,0.72,0.23920265780730898
KNN,0.7945205479452054,0.08762886597938144,0.34,0.13934426229508196
NaiveBayes,0.7172211350293543,0.10299003322259136,0.62,0.17663817663817663
